ID,Độ tuổi,Hôn nhân,Sở hữu BĐS,Thu nhập,Rủi ro tín dụng
1,25 - 33,Độc thân,Ở cùng bố mẹ,5 tr - 10 tr,0
2,33 - 41,Đã kết hôn,Nhà sở hữu,15 tr - 20 tr,0
3,33 - 41,Từng ly hôn,Nhà thuê,10 tr - 15 tr,1
4,25 - 33,Đã kết hôn,Ở cùng bố mẹ,5 tr - 10 tr,1
5,25 - 33,Độc thân,Nhà thuê,5 tr - 10 tr,1
6,33 - 41,Đã kết hôn,Nhà sở hữu,5 tr - 10 tr,1
7,41 - 49,Độc thân,Nhà thuê,5 tr - 10 tr,0
8,25 - 33,Đã kết hôn,Nhà thuê,5 tr - 10 tr,1
9,33 - 41,Từng ly hôn,Ở cùng bố mẹ,5 tr - 10 tr,1
10,25 - 33,Độc thân,Nhà thuê,10 tr - 15 tr,0
11,33 - 41,Đã kết hôn,Nhà sở hữu,15 tr - 20 tr,0
12,41 - 49,Độc thân,Nhà sở hữu,10 tr - 15 tr,1
13,41 - 49,Đã kết hôn,Nhà sở hữu,10 tr - 15 tr,0
14,25 - 33,Độc thân,Nhà thuê,5 tr - 10 tr,1
15,25 - 33,Đã kết hôn,Ở cùng bố mẹ,5 tr - 10 tr,1
